iter	RMSE
0	0.571672542
11	0.567572250622	0.5630034019
3	0.5588965203
4	0.5547566405
5	0.550703502
6	0.5466783628
7	0.5426672316
8	0.538689491
9	0.5347396665
2
